Username,Password
Performance,performance
Performance,performance
Performance,performance
Performance,performance
Performance,performance
Performance,performance
Performance,performance
Performance,performance
Performance,performance
Performance,performance
Performance,performance
Performance,performance
Performance,performance
Performance,performance
Performance,performance
Performance,performance
Performance,performance
Performance,performance
Performance,performance
Performance,performance
Performance,performance
